,volume,volumeNotional,close,tradesDone,open,date,low,high
0,2540.7467363700007,118543232.88851914,46656.84745024349,70764.0,46213.57762364689,2022-01-01,46206.11441377727,46734.1050172108
1,1882.7179491099998,88074687.03047007,46780.606235843676,56563.0,46656.473596841526,2022-01-01T01,46574.19451259004,46937.20518735723
2,1070.8379342199999,50124957.75011694,46809.09794872745,45961.0,46777.3857374936,2022-01-01T02,46726.99088486317,46926.6547139862
3,998.9332268000002,46760126.58432456,46810.06230428109,35119.0,46809.95380084592,2022-01-01T03,46759.71827041546,46907.645293290516
4,1674.83307295,78229286.068866,46708.706277859266,39600.0,46813.574536033426,2022-01-01T04,46604.473875009106,46881.28295812368
5,2003.076163190002,94532073.22617897,47193.44923741281,57334.0,46706.752743919795,2022-01-01T05,46672.04186674292,47554.63675183431
6,1132.2645814200002,53191203.444129966,46977.71555957495,38943.0,47191.792936651116,2022-01-01T06,46943.11140352915,47325.11508562557
7,1076.49302733,50810705.00924537,47200.217483312415,37297.0,46981.10555909238,2022-01-01T07,46883.04689479205,47254.522147957
8,805.7067266300002,37967882.36636482,47123.70036324717,34861.0,47197.31409343403,2022-01-01T08,47080.24059212061,47345.82593574912
9,726.6527795499997,34255865.63836443,47142.0004194828,35884.0,47124.651642478,2022-01-01T09,46935.70415880324,47213.99840466407
10,1380.2735380899999,64694266.956787735,46870.61308609206,45242.0,47144.53146489972,2022-01-01T1,46719.53525265575,47296.54465811944
11,1310.7107471499983,61287781.159217715,46759.19633106046,35677.0,46869.357134122256,2022-01-01T11,46551.19301344399,47004.84507967053
12,795.07152872,37431581.049261786,47079.513851443735,33541.0,46759.82141406076,2022-01-01T12,46757.19563508077,47151.75851652333
13,684.2369389300001,32176701.37738177,47025.67129406845,33812.0,47081.44544965075,2022-01-01T13,46942.172385670085,47202.31485628867
14,805.3729623199997,37794822.0451932,46928.34725456818,35837.0,47026.165854104,2022-01-01T14,46854.81133013758,47105.902058250824
15,2311.8922160899992,109176801.61168218,47224.00155675426,54250.0,46922.20604631539,2022-01-01T15,46874.3498573917,47489.591826649696
16,1875.7525169499997,88691432.06911206,47283.12038377301,51145.0,47224.973620962744,2022-01-01T16,47194.342539023324,47536.603183979
17,1853.2145977899984,88510428.86483674,47760.485466921906,62077.0,47281.4265205905,2022-01-01T17,47247.08427141865,47934.78547792313
18,1446.8233867599997,68821313.7046371,47567.183620631666,50495.0,47760.84329146016,2022-01-01T18,47430.06674443821,47846.475504406466
19,1369.25347566,64815795.94768442,47336.59406374139,44674.0,47567.39274677298,2022-01-01T19,47292.274695056316,47619.015902729465
20,1262.6312275300004,59855977.5328611,47405.74779696624,42513.0,47336.742090822576,2022-01-01T2,47256.986233547614,47566.17362006227
21,1348.9947841499995,63841962.02180937,47325.5810711204,43540.0,47402.946142559216,2022-01-01T21,47278.003859611985,47563.28509995368
22,867.7348022299998,41169875.42486188,47445.22787268533,41670.0,47325.32672180535,2022-01-01T22,47235.31937172748,47498.11740858231
23,1241.5499357399997,59256876.74763195,47728.146119481804,49831.0,47447.40297617022,2022-01-01T23,47285.42657812206,47819.46684187508
24,1667.6441133499998,79431471.37830044,47630.94879922358,49337.0,47727.36181599333,2022-01-02,47388.7126553789,47758.0732287469
25,763.9458344899997,36195954.48626531,47380.26290886089,41834.0,47631.42993960638,2022-01-02T01,47321.17723374735,47646.59190446591
26,786.8927876999999,37278786.414696395,47374.67034570001,37600.0,47381.25491845081,2022-01-02T02,47282.901501983506,47452.73272559125
27,632.8756631199999,29956202.56683428,47333.47213756625,34266.0,47373.92324103389,2022-01-02T03,47274.12265035137,47474.157694300164
28,1848.1487164,86698367.61751507,46910.92597050004,54201.0,47333.11484349244,2022-01-02T04,46770.76413063346,47419.865645272526
29,1085.29874064,51100563.31702234,47084.32932197854,39821.0,46911.99713529954,2022-01-02T05,46836.36207851621,47091.07152870645
30,830.60571703,39143024.624546,47125.879128920344,35881.0,47084.8799477786,2022-01-02T06,47016.51242113528,47244.30237322103
31,738.9534933699998,34861850.69757803,47177.327139479974,34356.0,47124.52583235743,2022-01-02T07,47091.675915861015,47300.86431130488
32,801.63109743,37856904.62419807,47224.84537534275,52518.0,47177.179264223385,2022-01-02T08,46974.59033509839,47249.522409128935
33,1081.6454948399987,51136052.62286461,47276.16660616597,43530.0,47224.82277086885,2022-01-02T09,47149.203131438444,47498.5158169914
34,566.6835141400002,26742207.410051163,47190.72770386691,27667.0,47276.20874984122,2022-01-02T1,47144.778882538405,47350.35803025032
35,464.9217877899999,21961922.789225057,47237.88681451302,26933.0,47189.85763388388,2022-01-02T11,47163.13012234905,47397.61241280951
36,1133.5095202599998,53609709.84751305,47295.33267194463,40146.0,47241.00908949439,2022-01-02T12,47018.06664888277,47450.0483415961
37,808.0914999199999,38093974.447655365,47140.66965365509,32037.0,47296.5804789177,2022-01-02T13,47091.2633517107,47304.324559623186
38,812.3653734500002,38274932.569575824,47115.41606829895,39401.0,47140.11509931186,2022-01-02T14,47021.26389462127,47203.31923938169
39,1260.0159577799996,59658997.636212654,47347.8111668719,46227.0,47116.140255163766,2022-01-02T15,47076.64618246573,47387.368032078586
40,1887.973247709999,90194238.43535055,47773.04897977282,56947.0,47348.04479174883,2022-01-02T16,47283.12197523153,47846.181563973296
41,2064.9262392699998,97890119.04781643,47406.10932544636,64226.0,47851.03873049746,2022-01-02T17,47329.202743695736,47987.64926676776
42,2680.88815122,126169801.857542,47062.6877141911,69345.0,47407.52649420241,2022-01-02T18,46659.34491347912,47408.68259340955
43,1875.1201788199999,87978251.8524379,46918.72704809886,48662.0,47061.15661093452,2022-01-02T19,46850.8797116945,47218.9366241431
44,895.3269421300002,42090475.06727995,47011.2906098256,37677.0,46912.29814360526,2022-01-02T2,46823.6157750335,47055.9213930378
45,765.8930795099996,36013438.78567613,47021.49653671853,34465.0,47012.45308241487,2022-01-02T21,46918.54760252088,47188.405399291245
46,968.0797453100005,45751565.841256805,47260.12093828711,38890.0,47020.69610551696,2022-01-02T22,47017.03213594563,47400.221228373186
47,1199.7480742199996,56738492.759929344,47292.00569612677,38016.0,47261.66159381367,2022-01-02T23,47260.95648398961,47472.769180312804
48,1141.2356251,53701710.3689362,47055.76060529185,41064.0,47291.12101368767,2022-01-03,47055.63871694505,47293.36511949809
49,963.1051173100001,45381223.886048816,47119.69967805882,36204.0,47055.47151159578,2022-01-03T01,46948.622765692984,47140.890880509425
50,1274.25187972,59892065.65690511,47001.74793547536,40715.0,47118.12287866138,2022-01-03T02,46866.35701376806,47119.20139970987
51,1449.5409515000001,67832293.7586839,46795.70707436057,40570.0,47002.421979049286,2022-01-03T03,46724.87452405145,47083.0627111476
52,941.86396003,44101543.69769733,46823.68746362544,32272.0,46795.20871128802,2022-01-03T04,46751.70981209872,46945.97115104765
53,1323.9167116,62334225.19234856,47083.19235355482,36452.0,46824.718594393344,2022-01-03T05,46760.99111517459,47210.99697161594
54,826.3635966100001,38778545.50154658,46926.73498763523,28826.0,47082.45309618571,2022-01-03T06,46882.481696732495,47104.22637487097
55,954.6160609,44920220.48904652,47055.79795786832,31513.0,46926.24792474313,2022-01-03T07,46860.07240509136,47082.93652689824
56,949.7347975299998,44620192.77568422,46981.73942002455,33605.0,47054.332224042206,2022-01-03T08,46928.03533614545,47138.57532849113
57,1316.4811994400006,61856280.948573515,46986.07239882019,38603.0,46980.95323945386,2022-01-03T09,46779.166743968926,47107.66454316315
58,1506.1566274500005,70983244.42559768,47128.72694108574,43732.0,46986.72171915967,2022-01-03T1,46984.165026595416,47251.288785659286
59,1734.5047017100003,82181625.7041398,47380.45715478269,43710.0,47128.31706273773,2022-01-03T11,47127.8650486576,47431.64435453642
60,1650.8370124800003,77911879.74932012,47195.379774212575,52380.0,47382.021255650005,2022-01-03T12,47177.04350941253,47572.79702439
61,1200.9071812099996,56626071.31468917,47152.74602457982,40234.0,47195.83617121537,2022-01-03T13,47129.380632984255,47451.97023188342
62,2522.4621954299996,118236397.12388018,46873.406998166975,63801.0,47154.432702121965,2022-01-03T14,46771.55488436837,47281.794945260845
63,2426.5695497899983,113239375.98774922,46666.44564032762,63584.0,46873.712163164746,2022-01-03T15,46582.4870080135,47019.94408488064
64,3629.9910726700023,168740239.04073852,46485.02865783177,76625.0,46641.69241757878,2022-01-03T16,46271.503044082245,46777.16450339065
65,1788.2146400200008,83299143.68834059,46582.2960086094,58196.0,46485.44782537724,2022-01-03T17,46415.02243123247,46791.22907306139
66,1181.82951126,54924008.16681044,46473.71523854871,49058.0,46581.69227346782,2022-01-03T18,46413.4049819701,46741.51929001567
67,1289.6243424799995,59797549.73145384,46368.19247414386,45236.0,46475.278113352644,2022-01-03T19,46363.44447402937,46649.71056702592
68,3485.198273810001,160047717.6095167,45922.126959667454,74051.0,46369.23382844733,2022-01-03T2,45696.95374988784,46412.03078995292
69,1808.3180740600003,83153043.08980192,45983.6376590034,56967.0,45917.832383343266,2022-01-03T21,45815.00785461843,46262.74394097056
70,1638.4654836700004,75731061.80304357,46220.72454856571,55257.0,45981.69004848461,2022-01-03T22,45968.27738595664,46444.62753242209
71,1772.8822717799999,82350790.49133375,46450.23067924998,48873.0,46221.71573029603,2022-01-03T23,46174.25247010176,46576.06095553911
72,1677.7448625299999,77585661.60929772,46244.01680020666,56057.0,46450.16852860813,2022-01-04,46156.90949132028,46543.36096480325
73,1345.7794312799995,61986362.38026242,46059.82298399811,47901.0,46243.56555588917,2022-01-04T01,46044.7758609852,46403.59349227656
74,1568.5139983100005,72316878.05383237,46105.34437802301,51069.0,46059.44284249352,2022-01-04T02,45942.004930282754,46267.06095245032
75,1287.7800436200002,59649661.22652821,46319.75896974663,41955.0,46105.32184797557,2022-01-04T03,46008.732953557825,46384.06947111095
76,2401.754959239957,110720865.686879,46099.9842056814,52802.0,46315.8016590949,2022-01-04T04,46002.28650495414,46411.21858588252
77,1231.2370748399997,56825194.35491601,46152.926610255374,38069.0,46099.685497890525,2022-01-04T05,46021.261120638046,46293.15225704471
78,1992.70825081,92408564.61082588,46373.35373769014,42341.0,46150.5106238144,2022-01-04T06,46063.615840015926,46394.622946634
79,2207.466406750001,102762752.89504673,46552.3518640276,50483.0,46371.90536106528,2022-01-04T07,46325.96207942335,46594.54072999429
80,1910.3023993300003,88819908.71785372,46495.20868999877,48149.0,46552.617567357185,2022-01-04T08,46394.989304359864,46683.545708455335
81,1446.3617770000008,67047303.998244345,46355.832312792314,37947.0,46495.4444728607,2022-01-04T09,46302.319318447386,46601.008410812385
82,1635.5495592499997,76264963.48715769,46629.56439065648,41559.0,46357.100906839376,2022-01-04T1,46300.69120242085,46767.67571844919
83,1701.264658130001,79508868.76846063,46735.15574928555,42241.0,46629.31143913418,2022-01-04T11,46622.345071408774,46760.355338454334
84,1478.07066971,68935222.74651322,46638.651425265365,45804.0,46733.57377773469,2022-01-04T12,46477.85798462361,46763.10118780117
85,2817.9407207299996,132379196.5674804,46977.28223792692,67954.0,46636.87684520146,2022-01-04T13,46413.21309510988,47080.565359983404
86,3879.3395609899967,183792372.2099496,47377.23246970583,76134.0,46981.65776676508,2022-01-04T14,46818.268184738954,47506.52206672627
87,3695.7344346200034,173396020.70526224,46917.878914936395,78400.0,47405.58470856997,2022-01-04T15,46846.42707818576,47549.65730644308
88,2386.759272010001,111620488.94384295,46766.546694858815,60430.0,46921.55766463224,2022-01-04T16,46643.15624622121,46924.020379329224
89,1259.0621541999997,58612550.19942112,46552.54707156469,50389.0,46765.10511334721,2022-01-04T17,46524.335488375975,46980.214592714976
90,3274.032542120001,149794856.31107435,45752.40300271396,65593.0,46550.76084901758,2022-01-04T18,45550.413077846635,46721.07610603553
91,3224.732845260002,148489875.2329051,46047.18665335911,65729.0,45726.6075553637,2022-01-04T19,45579.294948161565,46449.037072374806
92,1959.0400546100004,90629427.89926986,46262.16175927658,51249.0,46046.88755265274,2022-01-04T2,45958.459556199006,46426.08557484534
93,1480.46048406,68425629.58861424,46219.15297662284,43514.0,46261.196493345575,2022-01-04T21,46020.141481032566,46319.9932980768
94,1140.1385225699999,52626152.707449526,46157.683181184235,46263.0,46219.63260490257,2022-01-04T22,45970.554622545926,46251.525893101614
95,2023.33379484,92721635.44684139,45826.168516190664,56630.0,46153.74259201091,2022-01-04T23,45740.07054410642,46157.89948973111
96,1763.53248902,81601510.77376796,46271.623166474325,54642.0,45826.601702989756,2022-01-05,45719.690108217066,46314.37677525085
97,1247.15278812,57505260.51789248,46109.23462279056,41241.0,46271.72729087945,2022-01-05T01,46105.29171586806,46335.37668500422
98,1320.5511181099996,61141853.31395656,46300.2548522802,38122.0,46109.080933627,2022-01-05T02,46109.072322935914,46388.779467593406
99,1305.2501037199997,60598331.59588044,46426.60546294804,39368.0,46299.658673595106,2022-01-05T03,46299.38549180734,46547.57713296092
100,897.2154461799998,41642371.0180149,46412.90026304405,32087.0,46425.62545706698,2022-01-05T04,46349.195012396725,46527.75957117325
101,844.0677603900001,39083887.461139746,46304.20600720622,31096.0,46415.950339540985,2022-01-05T05,46245.18121732924,46416.28484292389
102,847.1764106800001,39352315.32260337,46451.14621524528,29783.0,46303.579780251435,2022-01-05T06,46250.24321679532,46466.837615150886
103,783.85925637,36376948.288137645,46407.499806275,30395.0,46451.34055296881,2022-01-05T07,46335.264557656265,46489.89183735315
104,1425.2801365599985,66480979.06263101,46644.14900434027,38617.0,46407.69484325744,2022-01-05T08,46257.631388731,46679.859606549384
105,2157.356534930001,101089675.84916672,46858.12206392985,50879.0,46638.93375468781,2022-01-05T09,46576.02027068297,46950.994044300605
106,2107.682241919997,98680209.6926366,46819.30118780318,48657.0,46859.25457659212,2022-01-05T1,46700.27501873756,47070.494111804976
107,2178.2915323000007,100794111.73782648,46272.094548979236,54647.0,46820.436242797776,2022-01-05T11,46111.462623108724,46859.84415565803
108,2706.433007619999,125114688.30033165,46228.62932430603,63247.0,46271.398169758555,2022-01-05T12,45836.57373155486,46347.428826375086
109,1819.9240077500006,84512243.07098353,46437.237330292315,49227.0,46228.78044791319,2022-01-05T13,46104.87976538727,46460.60000371205
110,2579.8294493399994,120478792.30785267,46700.293439426736,60206.0,46436.49391435518,2022-01-05T14,46191.29204528567,46824.933220991654
111,1822.15249249,84953819.40611745,46622.78253672761,50725.0,46699.30798911553,2022-01-05T15,46374.7327814292,46822.06087931219
112,1678.5001941000003,77713567.64574625,46299.40938875834,48004.0,46635.5822464378,2022-01-05T16,46286.979648098386,46674.83935446065
113,1531.3645195800004,70497192.9352591,46035.54022173245,46576.0,46299.2706872013,2022-01-05T17,46021.548744976884,46468.6447203151
114,3159.40223092,145083106.16335475,45921.06213747509,59829.0,45954.330761224206,2022-01-05T18,45558.87911506634,46234.5318767987
115,4888.110702399982,218434338.31432834,44686.8640284846,74372.0,45922.7655018353,2022-01-05T19,44587.77796883169,46058.17562210428
116,3732.4759220100027,163990725.914846,43936.1778458665,70199.0,44660.098428798796,2022-01-05T2,43837.406480761805,44764.85629186025
117,3475.476104549997,151538436.29377073,43602.20923268061,83467.0,44110.96589427864,2022-01-05T21,43478.25020843781,44322.854640521255
118,4026.8479089899997,174865381.6962087,43424.878626734084,96379.0,43611.59300621935,2022-01-05T22,42789.65552155701,43800.22921486082
119,3486.909421010001,151490272.68382245,43445.42814075811,86368.0,43444.781543066856,2022-01-05T23,43266.43538465384,43698.95117258194
120,2987.587895180001,130501228.0489364,43681.134288795125,78226.0,43449.09676469713,2022-01-06,43275.92173828291,43768.90096874535
121,2901.326297620002,126341875.25895251,43546.248266729766,75994.0,43681.58233774149,2022-01-06T01,43293.042830681356,43808.14881011162
122,2492.2716722099995,107808065.59671389,43256.94778736383,74091.0,43542.998292470795,2022-01-06T02,43145.79238489235,43616.177823385646
123,3302.8080620999995,141469756.9206992,42833.17536494978,80795.0,43257.138453699554,2022-01-06T03,42808.83744855356,43308.942966449606
124,3761.8631845800005,161882708.3558895,43032.587952547554,87938.0,42834.976208420834,2022-01-06T04,42634.59974457241,43153.376744170106
125,2267.3612966900005,97610839.82151687,43050.412814232,64515.0,43028.46068612616,2022-01-06T05,42800.04144058298,43243.54810026923
126,1862.4941405999998,80266401.24701679,43096.18994084947,56614.0,43049.898072127944,2022-01-06T06,42901.26795595126,43229.91081547738
127,1738.0004487400004,75152169.08297977,43240.59245063078,51734.0,43098.418230296935,2022-01-06T07,42984.54321517797,43271.83787306029
128,2065.0547824700006,88910362.26824008,43054.72330467422,55117.0,43240.91795030741,2022-01-06T08,42924.82878045554,43268.58935106603
129,3317.687958680001,141073644.5548792,42521.673620869326,73818.0,43053.096478772495,2022-01-06T09,42489.54703945398,43084.99532121715
130,2883.933975459999,123654699.85906437,42877.09112319083,65670.0,42641.51000601013,2022-01-06T1,42568.43372862425,42950.806863626225
131,2014.389343260001,86363370.53271252,42873.226480113204,57925.0,42879.50962606106,2022-01-06T11,42679.07228716296,42965.39189926605
132,2421.0834603600006,104248012.7376874,43058.41349318306,68168.0,42873.15257792522,2022-01-06T12,42629.71317802925,43070.05101581221
133,2545.490848670001,109813536.92709133,43140.41709655646,70011.0,43059.738232845295,2022-01-06T13,42901.37310399903,43196.66070589812
134,2851.34655694,122026709.66130675,42796.16918690621,69604.0,43144.04503659785,2022-01-06T14,42758.143202854066,43213.96154055233
135,3018.432157330001,129674269.18876305,42960.80296980018,73622.0,42798.7717920998,2022-01-06T15,42657.91159117066,43009.86059589186
136,2889.5786210999995,123901842.28726277,42878.86177677216,69226.0,42938.4697047937,2022-01-06T16,42735.35776386559,43118.50669232643
137,2542.14887807,109335773.89931117,43009.193852690056,62289.0,42878.752252614955,2022-01-06T17,42793.39455372653,43176.81485333609
138,2174.972883360002,94320584.43907253,43366.3266152365,54082.0,43007.457032296756,2022-01-06T18,42981.22097312039,43398.101333800165
139,2214.1532122900007,96218647.19779819,43456.18300654249,58222.0,43336.77248156855,2022-01-06T19,43229.42173167772,43508.55098169933
140,2157.1829769600004,93231012.54672442,43218.87088044324,54728.0,43433.184486657185,2022-01-06T2,43111.9552827908,43578.38579322951
141,1578.55861119,68064947.14948243,43118.416172188576,44394.0,43219.877502237476,2022-01-06T21,43065.91669561273,43253.723443206174
142,1130.40922848,48808550.47984118,43177.77071359493,45773.0,43116.63447779636,2022-01-06T22,43003.14912639484,43235.6354340153
143,1157.0505448999997,49851981.65199006,43085.39663347085,42521.0,43177.53276811377,2022-01-06T23,43053.680134126196,43235.65497556233
144,2467.6626449200003,105560738.46863806,42777.6214410622,60667.0,43086.24109519304,2022-01-07,42729.87911990113,43144.1228955188
145,1437.9487914600002,61838606.334065534,43004.73473139375,47633.0,42780.71329944937,2022-01-07T01,42776.73442248725,43028.445866482645
146,1274.8901928199998,54554170.89119682,42791.27033719308,45079.0,43005.715429016615,2022-01-07T02,42768.26197991229,43026.897832004106
147,4706.31973649,196779496.95887753,41811.75695165089,90809.0,42792.12547869482,2022-01-07T03,41689.23552808159,42822.332687520466
148,4797.666245180001,200046132.42338064,41696.55040601417,85664.0,41836.428463663455,2022-01-07T04,41169.56999433614,41899.70842933086
149,3626.108526459999,151734741.90388855,41845.06359825366,76861.0,41697.86094709524,2022-01-07T05,41525.852671499146,41948.3098896222
150,2976.5510075100015,123596426.11086778,41523.36909363462,73936.0,41844.65682633256,2022-01-07T06,41406.00016350447,41849.03092968171
151,3156.729165620001,131640679.15413831,41701.60702661461,70480.0,41522.769784213975,2022-01-07T07,41218.46502665196,41720.75190960575
152,4008.0122525800016,168661737.07379565,42081.143081642585,70095.0,41700.778438831614,2022-01-07T08,41609.47627920951,42520.83224102701
153,2418.9139069000007,102610224.38629062,42419.95719384344,61955.0,42081.84298655559,2022-01-07T09,42056.54069500259,42623.39465677863
154,1919.3310101499999,80943210.83736107,42172.61660928158,51319.0,42418.8721822421,2022-01-07T1,42169.15919076454,42522.45014202854
155,1427.7847384200002,60328534.308837354,42253.24216281893,44040.0,42171.29551338172,2022-01-07T11,42156.64986498039,42346.42842949974
156,1530.4846337000001,64889609.77200583,42398.07989129099,44510.0,42254.95774083417,2022-01-07T12,42254.54033321828,42495.56574982766
157,4370.901860649995,181313471.6901647,41481.93610167254,77842.0,42402.43291918342,2022-01-07T13,41302.234191895936,42739.10277753526
158,3685.458204240001,154400374.4809827,41894.48527820775,80662.0,41486.11931138756,2022-01-07T14,41391.79744223467,42131.15058731999
159,4681.438668190002,193112153.0998416,41250.59982351645,88187.0,41896.64521701264,2022-01-07T15,40928.17866842358,41912.36435148186
160,4412.96021789,185963173.38725355,42140.23335931395,79441.0,41341.68862698851,2022-01-07T16,40923.96645429174,42306.40757125564
161,2078.90468238,87297915.64590022,41992.26466985424,54713.0,42143.008630340926,2022-01-07T17,41759.33259758723,42170.53387063899
162,1760.2989659900002,73409154.27547413,41702.662839541284,55780.0,41992.60430651364,2022-01-07T18,41517.732378601424,41999.162765115805
163,1873.86903992,78276709.38971458,41772.774789563955,54130.0,41701.25869999612,2022-01-07T19,41512.76711837122,41892.36450834756
164,2288.38342548,95921105.6786721,41916.53575648153,56192.0,41774.900004163275,2022-01-07T2,41594.876010444554,42049.331422849034
165,1373.0620109400002,57499758.43634717,41877.02957201675,41140.0,41916.599325502546,2022-01-07T21,41849.11359754344,42026.42090247982
166,1825.88019619,75845039.16056173,41538.89138993067,54151.0,41876.38602498969,2022-01-07T22,41356.114339137355,41880.23168949251
167,1483.2518070500003,61649254.87109681,41563.57981704358,43084.0,41538.59913382505,2022-01-07T23,41335.330464516905,41595.60474173569
168,1863.8849894399993,78267365.12534185,41991.520704749666,48886.0,41564.51678663542,2022-01-08,41562.81042627379,42110.81736605167
169,1692.4287712399998,70887879.23817514,41885.29552486713,42360.0,41991.91433807272,2022-01-08T01,41848.81138134101,42242.02185515229
170,1019.3005575499997,42690081.63325776,41881.74068683729,38487.0,41885.473723017174,2022-01-08T02,41694.48821307185,41943.46171757428
171,948.4098635300002,39652811.543272495,41809.78400591908,35545.0,41881.24336025417,2022-01-08T03,41645.90965071042,41910.37143772472
172,992.8049479300001,41601140.361984774,41902.631980957805,34355.0,41810.928674731906,2022-01-08T04,41760.63619742877,41990.694182997824
173,862.0134781700003,36182080.82021052,41973.91541605912,30449.0,41900.824047074784,2022-01-08T05,41836.7464118905,41997.73452468137
174,963.1673371099998,40379041.74727948,41923.18426041885,32595.0,41973.18297473348,2022-01-08T06,41739.67570889443,41995.51840284474
175,818.30004878,34297288.54054011,41912.85163880142,31765.0,41922.77849713195,2022-01-08T07,41843.37364765433,41975.688722800056
176,1486.61863623,62387823.639737874,41966.25961716091,41537.0,41914.98069245214,2022-01-08T08,41886.4015143299,42179.40802892244
177,1200.89588069,50632590.22519307,42162.348159693116,32657.0,41965.43371060008,2022-01-08T09,41954.571046378005,42179.63130949312
178,1320.9532248299997,55374637.590224616,41920.2107609458,37722.0,42162.46394784579,2022-01-08T1,41801.40971177038,42199.02500138608
179,1041.29286997,43675270.27377513,41943.31060293674,33261.0,41919.351043288334,2022-01-08T11,41767.633751761794,41973.45359158263
180,1076.88174523,45097913.18015622,41878.24093027432,35511.0,41942.601039397894,2022-01-08T12,41774.7641435644,42061.44465301193
181,1564.70621363,65570314.01361457,41905.830910900775,42421.0,41877.617995246896,2022-01-08T13,41620.285850349515,42033.96579976957
182,1194.4672509700001,49859911.110359006,41742.38437250489,41791.0,41906.94190306824,2022-01-08T14,41715.96694879229,42000.094514417484
183,2172.5570321600003,90398982.48536864,41609.486493200195,59773.0,41745.41110576363,2022-01-08T15,41485.69755003186,41800.9870245597
184,2738.7567850700007,113223486.7447472,41341.19808008191,65071.0,41612.66666569666,2022-01-08T16,41241.05270677267,41739.27481925258
185,3438.0130303100013,140605197.43836525,40897.226449920425,72773.0,41342.96311871328,2022-01-08T17,40877.760651134115,41374.22320329116
186,3712.806935470002,151229926.82644778,40731.966260266556,76243.0,40896.137939114604,2022-01-08T18,40604.25891504989,41258.13149808866
187,3959.199740870003,161637826.98898157,40825.88340275627,82989.0,40679.444578055365,2022-01-08T19,40597.99207642472,41078.94537459273
188,2371.06313463,97147299.03240137,40972.042293408194,65215.0,40864.02709018359,2022-01-08T2,40716.8479178092,41173.74460579145
189,3810.8795241900016,159214081.41329515,41778.82832628668,74730.0,40976.14432844641,2022-01-08T21,40928.6212681894,42013.89857320851
190,3143.573437290001,131775291.25324534,41918.94793679312,77378.0,41778.44894665186,2022-01-08T22,41747.11945493415,42278.03988295563
191,1667.4703840100003,69503194.25095527,41681.8163113705,48938.0,41917.66052919886,2022-01-08T23,41659.47772985129,41954.14888157711
192,2412.4106493700006,100776402.41908813,41774.149208554445,56604.0,41682.10281716743,2022-01-09,41401.68650545341,41830.62021197165
193,1470.7322018700002,61494629.77344226,41812.25494026264,43573.0,41772.84582750461,2022-01-09T01,41600.42170923602,41929.46952015199
194,1869.8020302400005,78732830.83579004,42107.575862287515,48464.0,41813.71370514369,2022-01-09T02,41780.108364999345,42176.44781731374
195,1148.8119322500002,48064608.300107665,41838.53505592595,36759.0,42105.753626707425,2022-01-09T03,41796.089567100214,42110.05945874211
196,1191.0835154,50122459.43586142,42081.397977394445,37590.0,41837.37894249047,2022-01-09T04,41805.45034252315,42105.29812974478
197,1049.7017802300002,43842188.77532835,41766.32792384337,33858.0,42083.12595902476,2022-01-09T05,41716.87139887768,42098.29440728967
198,846.02849374,35428015.245181136,41875.67618268518,29123.0,41766.50147259247,2022-01-09T06,41681.09771442998,41950.57889586781
199,592.06637263,24745477.564025685,41795.10728519262,27850.0,41875.374477712925,2022-01-09T07,41781.60262792867,41909.738406298355
200,1097.81245422,45742420.62852703,41666.88076154792,35514.0,41794.821843533195,2022-01-09T08,41617.32541708621,41947.512810823224
201,1216.1634026699999,50484068.9374936,41510.92593861929,35220.0,41667.385666053946,2022-01-09T09,41473.49456885913,41767.13776148169
202,1051.2889147199999,43781120.12018262,41645.18383782566,33834.0,41511.74154086964,2022-01-09T1,41411.629138479446,41728.326631312324
203,1342.4234831100005,56197186.57745264,41862.4877205368,42235.0,41646.30819184899,2022-01-09T11,41645.054807626526,41988.47585712783
204,1026.7441227999998,42868631.87606116,41752.01096759681,39564.0,41862.68800322251,2022-01-09T12,41677.75072255381,41927.78938834004
205,1640.6387958900004,68040990.78990722,41472.255173020516,46256.0,41752.80684169444,2022-01-09T13,41471.96008147127,41895.91727694639
206,1259.5246135700002,52322302.64146017,41541.31017190501,42042.0,41472.350815805745,2022-01-09T14,41471.686346877555,41743.282977619674
207,1980.6639381399998,82448199.74750008,41626.54661392253,53802.0,41541.325274281924,2022-01-09T15,41211.64818851015,41688.02681898154
208,2049.47175422,86344939.07807852,42130.338659358684,58919.0,41624.729820499015,2022-01-09T16,41565.399668981365,42133.40502253196
209,1986.39945809,83624411.22516578,42098.48672913649,61960.0,42158.42438004036,2022-01-09T17,41886.09158679256,42205.4766585679
210,2303.5953963300008,96690315.61771862,41973.65378128551,58219.0,42098.5252497032,2022-01-09T18,41889.39968033311,42280.54946865808
211,3143.9932370099996,134256541.84342507,42702.55427492768,73781.0,41973.365827899506,2022-01-09T19,41938.1731377856,42750.38131837015
212,2094.44257529,88898160.00922713,42444.78271117943,58842.0,42704.114331695055,2022-01-09T2,42375.265032356314,42802.657996172355
213,1258.2392699299999,53232040.08588655,42306.770546788,43573.0,42444.090554410046,2022-01-09T21,42289.62948272864,42553.29813190287
214,1428.30661066,60288284.82553595,42209.623882982385,48888.0,42304.97422773182,2022-01-09T22,42089.00514005704,42497.13255412052
215,2442.0434144200003,102241027.72402924,41866.9983999085,61211.0,42208.97635179674,2022-01-09T23,41770.76082169121,42285.032725925616
216,2477.7833082500006,103215413.91058029,41656.352097826864,62351.0,41867.67778311955,2022-01-1,41627.333874579446,42039.280864637556
217,1307.8431329200002,54693339.84728302,41819.49537416623,41159.0,41656.57889281668,2022-01-10T01,41601.360326028494,41851.223857166035
218,1361.6126549200003,57099829.281952105,41935.44256189873,42463.0,41819.35148756445,2022-01-10T02,41720.08860339016,42005.417720424906
219,1134.1156599700003,47603760.25143257,41974.3434745375,34965.0,41935.80992868681,2022-01-10T03,41862.82482961574,41996.83979737815
220,1696.02960224,71564954.96922822,42195.58130041487,44633.0,41972.98706481826,2022-01-10T04,41931.883297842345,42250.54524486122
221,1122.05812982,47163243.57369262,42032.79876529973,35863.0,42196.76508671216,2022-01-10T05,41967.25342372094,42233.89635246787
222,1448.9844058699998,60756822.152656935,41930.6252755545,36546.0,42033.57600107298,2022-01-10T06,41822.303378631645,42050.95694900065
223,1193.5313251,50185925.64971941,42048.268524091385,36295.0,41927.42889495332,2022-01-10T07,41906.509023097016,42155.20454811062
224,1688.9574478999998,70634461.82285514,41821.338903878226,45686.0,42050.05868309144,2022-01-10T08,41719.56435886838,42119.30346021559
225,1178.16231388,49250662.95561166,41802.95225486903,35164.0,41813.58297724829,2022-01-10T09,41716.12123972803,41938.25206277957
226,1144.2978609900003,47816008.96478587,41786.33081024672,37889.0,41806.103605720185,2022-01-10T1,41753.24049996677,41988.712323728425
227,2758.8126481699996,114660652.11635809,41561.59433023327,59201.0,41785.66218400353,2022-01-10T11,41451.83132848687,41798.51212166727
228,3842.1143428399996,157291282.17663383,40938.73012128209,71875.0,41563.53147362054,2022-01-10T12,40923.882295096984,41613.63745656208
229,4167.88347765,169944828.72270525,40774.85122461393,77617.0,40937.274466403265,2022-01-10T13,40719.582296781446,41060.582345087736
230,6950.2473642099985,283400577.8832887,40775.61028153441,93880.0,40772.1263913119,2022-01-10T14,39702.141436949845,41199.4240436912
231,3904.7634076900003,159936117.38800997,40959.23380992391,76178.0,40752.48771278706,2022-01-10T15,40563.73431426607,41177.01552437681
232,4745.3543633699965,198799817.64612114,41893.56630153538,81469.0,40979.688610340745,2022-01-10T16,40862.65360216846,41962.060268126246
233,4833.390987900002,199140732.78399485,41201.03945294874,77327.0,41904.86152756592,2022-01-10T17,40615.215284039696,42020.90003682982
234,3157.25137515,131390936.65388165,41615.60833832539,76585.0,41196.27023280533,2022-01-10T18,41126.3528552798,41735.58636049673
235,2712.94805937,112031041.06269898,41294.94506014051,68134.0,41614.06662629336,2022-01-10T19,41222.46592530354,41709.6172581061
236,2325.9102292600005,97036520.4683343,41719.80468016899,65459.0,41296.18277914658,2022-01-10T2,41167.55105516619,41777.51660693122
237,2274.75096718,94908375.9784516,41722.53461929908,57981.0,41782.912327960585,2022-01-10T21,41575.72505011467,41988.20757066178
238,1436.55936024,59777612.06146137,41611.65470494347,51567.0,41723.31787132434,2022-01-10T22,41515.786768906495,41854.599738338584
239,1435.6412106900002,60046738.63189572,41825.727894113574,48482.0,41612.48127440972,2022-01-10T23,41507.85345816479,41896.2784914205
240,1462.4320570299994,60840364.34581373,41602.18182673883,50947.0,41825.177290094565,2022-01-11,41594.30279024505,41883.903796043174
241,2420.615235889999,101496927.55191602,41930.219246347166,57185.0,41604.95142245181,2022-01-11T01,41554.173674757636,42069.624053123356
242,3051.5521383699993,128716728.18442912,42180.740275073185,71205.0,41931.108494371394,2022-01-11T02,41823.240526571426,42400.86770646086
243,1521.01304046,64313982.62860578,42283.64972410447,50542.0,42180.45745047438,2022-01-11T03,42062.14401685412,42284.431851412606
244,1837.0909126899996,77732961.85955645,42313.07298000527,52245.0,42283.18736429495,2022-01-11T04,42132.074459879776,42382.92745007652
245,1680.1440723800006,70756201.32361504,42113.174987062666,45132.0,42313.51161792796,2022-01-11T05,42021.24892716099,42322.64918495268
246,1475.31340453,62122252.61177026,42107.834458103454,41703.0,42112.76173425695,2022-01-11T06,41977.917308725926,42233.12525587793
247,1353.9599883299998,57155162.46496275,42213.33197257847,41138.0,42111.20323284937,2022-01-11T07,42078.52163369151,42284.1453073983
248,3254.897643910005,136686199.96588007,41994.008696901226,67684.0,42214.3523640481,2022-01-11T08,41936.856982014346,42622.110194683104
249,1679.7802477799999,70528070.1508283,41986.4861752234,45816.0,41994.03640490326,2022-01-11T09,41845.96961965678,42149.07475609329
250,2367.5105079,98563776.94665545,41631.82237956877,62141.0,41987.944079151006,2022-01-11T1,41581.66062386401,42069.22162886145
251,2200.17588316,92012813.68573606,41820.66278882339,55361.0,41631.606529556084,2022-01-11T11,41591.906150511815,41938.49008833315
252,1537.4657582700004,64297987.68951147,41820.76078355161,47303.0,41817.44560554982,2022-01-11T12,41726.12440593371,41960.80271731498
253,1847.3332231200002,77043216.37522852,41705.099768145024,48028.0,41819.501926903235,2022-01-11T13,41589.82139891076,41900.43635395245
254,3427.588295320001,142721875.8363782,41639.15369627367,68738.0,41705.45193054866,2022-01-11T14,41271.49804760896,41824.77889789996
255,3800.76452946,158638482.11073005,41738.57151136613,72478.0,41640.25199069855,2022-01-11T15,41450.519265956806,42101.9513779767
256,4073.6453518499998,173996508.55069557,42712.72865510421,73304.0,41739.43428383449,2022-01-11T16,41688.950242238665,42891.288262601185
257,3652.402172989999,155449621.51040435,42560.92679496662,67071.0,42716.84123413739,2022-01-11T17,42345.53423650017,43040.58899513766
258,2379.764255030001,101776876.68931185,42767.62980794867,59265.0,42556.730399568056,2022-01-11T18,42366.21308622085,42928.261242085115
259,2647.78861902,113829596.2992769,42990.439448828634,61469.0,42769.16483790314,2022-01-11T19,42609.682403151346,43093.76670155326
260,2295.5314522,98262998.89444314,42806.208906556036,57936.0,42991.10172659999,2022-01-11T2,42704.379407479886,43111.378030809065
261,1546.9247833800002,66016745.0531104,42676.11829766222,44503.0,42808.03206179063,2022-01-11T21,42634.715578708885,42831.2977377646
262,993.1397989000001,42427559.222396776,42720.63134453927,41377.0,42671.13023479182,2022-01-11T22,42610.21611079171,42780.14054140966
263,1207.6714833300002,51613804.032759205,42738.28168107499,44247.0,42720.5333292321,2022-01-11T23,42644.75386873855,42896.03679437071
264,1761.27199798,75187015.97324426,42689.04295275013,52273.0,42737.42775911915,2022-01-12,42589.09464748362,42972.900973414544
265,1212.8704170800002,51711257.2605013,42635.43452976351,43807.0,42687.07474703813,2022-01-12T01,42573.425908834266,42777.91092618814
266,1229.2365748500001,52325222.06956267,42567.251203006024,41629.0,42636.4907286853,2022-01-12T02,42455.341805696495,42718.04879378788
267,993.0668239300003,42314561.460921824,42609.98398221035,35857.0,42566.561079639905,2022-01-12T03,42501.78866775026,42678.86619743054
268,1103.1191686299999,47030105.19875482,42633.74849805489,38303.0,42609.171535875765,2022-01-12T04,42525.443474945845,42736.74628318988
269,924.26683802,39475670.29077744,42710.25278299905,34248.0,42634.07215497048,2022-01-12T05,42564.58612172739,42776.90491863575
270,1501.4792540299998,64087921.54463903,42683.18817767598,43816.0,42713.476125983805,2022-01-12T06,42608.01850457486,42872.11698137706
271,1226.2147049499997,52193488.14254899,42564.722093001845,39526.0,42679.81596280664,2022-01-12T07,42469.24050016892,42680.0310469056
272,1021.8852249700001,43542297.27418001,42609.772810305876,36305.0,42564.11107246727,2022-01-12T08,42512.30271942628,42719.588444272005
273,1527.9527814899998,65397052.4058794,42800.44069300804,42282.0,42603.55813674465,2022-01-12T09,42570.739652695505,42911.94690896231
274,1843.7852959,78858450.34307037,42769.86616523455,46294.0,42800.61547448418,2022-01-12T1,42740.806296298324,42990.43073625399
275,2456.51129191,105493918.31298546,42944.60956088716,49952.0,42773.07033896466,2022-01-12T11,42697.42012107885,43274.08559917635
276,2937.6055768600017,127177143.12330559,43292.79060643835,64128.0,42941.313150777816,2022-01-12T12,42880.03482112392,43304.47370152667
277,5176.263365090011,227460528.0342217,43942.9974850722,81765.0,43295.82639361185,2022-01-12T13,43196.978768713074,44097.64674715347
278,3609.6621676200016,158337573.61392462,43864.928700051474,73034.0,43869.67133787695,2022-01-12T14,43687.84527290635,43957.2004264575
279,2878.88471105,125415501.85615343,43563.91951882342,68472.0,43863.8813982357,2022-01-12T15,43437.6536701572,43928.36085007158
280,2198.6596779999995,95905637.27183646,43620.04644533099,57241.0,43568.09436554099,2022-01-12T16,43341.517128735955,43683.39724170654
281,2180.5408704000006,95621632.18346985,43852.25403545356,57088.0,43620.74554768276,2022-01-12T17,43496.36455039231,43880.256342353394
282,1963.3564665299996,85606168.32801168,43601.94890096064,54221.0,43852.00437516396,2022-01-12T18,43576.433636876856,43899.36486231807
283,1658.2126626300005,72551614.56628016,43752.90106107983,47497.0,43602.22034140117,2022-01-12T19,43539.9804150381,43771.745550193715
284,1965.76096132,86158185.54842973,43829.4315757369,46470.0,43751.649159118424,2022-01-12T2,43640.56564451019,43998.931722205314
285,2738.632848549998,119905453.72881335,43782.96046229736,61590.0,43833.03666061989,2022-01-12T21,43750.20466589245,44299.659781109025
286,930.2979876600002,40793007.68117228,43849.39903372237,38418.0,43781.1180285576,2022-01-12T22,43752.54954273727,43953.4135801159
287,1478.1644252400001,64907096.497659266,43910.60655320582,45510.0,43850.51254103539,2022-01-12T23,43824.89887775307,44038.171353998754
288,1857.5121662400002,81223584.2800778,43727.08063844966,54772.0,43908.395442949346,2022-01-13,43678.49274844768,44073.55416542201
289,1593.2565978699997,69391340.958372,43553.14834480536,48437.0,43727.28217722216,2022-01-13T01,43526.409408814536,43815.91499480965
290,1100.5197680300003,47977519.808633484,43595.32759190348,39748.0,43554.38351516429,2022-01-13T02,43540.91425920895,43690.44917180594
291,1687.0609732400003,73412607.33509095,43515.088369391924,49333.0,43593.98823128661,2022-01-13T03,43429.06564552833,43650.24813006605
292,1213.7773076600001,52957131.884760156,43630.023028568896,44445.0,43512.30690969992,2022-01-13T04,43489.650126801964,43724.08893765444
293,855.36704499,37355940.737063654,43672.41052348513,37497.0,43630.96406105067,2022-01-13T05,43586.22929637045,43767.81510358343
294,1331.7095347,58213930.059234045,43713.68420993408,39937.0,43668.704968704136,2022-01-13T06,43649.06233855861,43799.24431506123
295,1101.0256284899997,48120422.07797145,43705.0880858842,39442.0,43714.91367477676,2022-01-13T07,43550.56091633675,43770.33689733527
296,1383.7856726800003,60751721.80470466,43902.55153245358,50306.0,43704.72138970576,2022-01-13T08,43673.987081484,43904.91290005987
297,1446.680382770001,63489455.68337349,43886.30442462238,43941.0,43904.16497064268,2022-01-13T09,43748.272625003985,43996.79723536656
298,1505.5486532600005,65924419.210654505,43787.63786072724,43535.0,43886.46835549121,2022-01-13T1,43764.255785736765,44021.97927047499
299,1925.79276394,83980825.8958646,43608.443996875,48152.0,43787.89044884328,2022-01-13T11,43509.57899776248,43835.97014571205
300,1220.5241500500001,53470826.75699054,43809.724498118325,40949.0,43610.92620009664,2022-01-13T12,43585.019244056355,43818.51796645598
301,1556.1792148700001,68366155.01541488,43932.05767185757,45471.0,43810.81305435611,2022-01-13T13,43674.838163142886,43947.17841024449
302,4743.816411270002,209507533.25016207,44164.34260660464,79945.0,43931.98787439171,2022-01-13T14,43850.44040809071,44415.63254408629
303,4041.160166739999,174618251.04955778,43209.93077352393,70935.0,44171.698747070644,2022-01-13T15,42897.35811933027,44220.29552246246
304,2485.8948033100005,107544186.86824727,43261.76100656022,55639.0,43208.84879673442,2022-01-13T16,43135.792716437914,43502.76580370968
305,3774.0134547599996,161626396.6421476,42826.131538639645,68788.0,43258.74435766136,2022-01-13T17,42568.56650862773,43261.9699614743
306,1931.7889177600002,82519350.54632711,42716.54619595404,57304.0,42824.07539512862,2022-01-13T18,42633.220187838335,42969.8915709661
307,2195.91252132,93777804.9827397,42705.619678496245,56603.0,42714.129154167094,2022-01-13T19,42539.3813128079,42902.99524593706
308,2591.4988711100004,110907675.8377703,42796.72936545248,57915.0,42707.47905415134,2022-01-13T2,42320.33562152382,42798.910896059584
309,1646.2980256799995,70496405.19583274,42821.16852245776,46406.0,42798.131619320964,2022-01-13T21,42673.78993725901,42895.29364511213
310,1572.54305334,66996718.317395635,42604.05982214482,47488.0,42822.19418258828,2022-01-13T22,42450.44125788682,42904.70213290735
311,1630.8480598200006,69424827.92422771,42569.77068231007,46381.0,42601.17154829017,2022-01-13T23,42488.96094624888,42753.63910869532
312,1837.75117178,78585502.10304727,42761.77499423456,50558.0,42568.42762905553,2022-01-14,42431.12758591558,42790.39236680216
313,1569.78638857,66855805.75474643,42589.11036656959,42890.0,42757.29600377057,2022-01-14T01,42547.03341065974,42782.82758226095
314,1627.2860689200006,69522412.5271585,42722.91999236448,44056.0,42589.2395564756,2022-01-14T02,42434.600305112166,42736.76589707243
315,1648.1298151499998,70269180.49796167,42635.70736481478,38918.0,42723.65310972687,2022-01-14T03,42584.68259420212,42748.58576991097
316,1470.3137696099998,62766453.78554942,42689.15593587769,41469.0,42636.90207992933,2022-01-14T04,42624.20949625512,42874.94188612305
317,1361.15519604,58398744.03321587,42903.81008948499,41273.0,42687.89338304224,2022-01-14T05,42650.8897282541,42913.87926648615
318,1148.3313430500002,49169642.95128458,42818.34093345274,36315.0,42904.3274853473,2022-01-14T06,42786.03724544439,42966.71109334695
319,1792.71833184,76473845.43720165,42658.03728280664,42913.0,42816.996705657126,2022-01-14T07,42602.931787149115,42892.24579130258
320,2263.269649140001,96244188.91705,42524.40223091444,53193.0,42659.347536973066,2022-01-14T08,42284.52238305834,42680.41552584657
321,1374.9362617800005,58511513.67107463,42555.80080150427,37859.0,42524.19324329777,2022-01-14T09,42460.49556827062,42694.04791581538
322,2337.2074682099997,98361750.19287708,42085.15997435586,52055.0,42561.261499003595,2022-01-14T1,42011.03997924904,42618.88195649443
323,3591.5687443,150910998.51947862,42018.12891900843,65019.0,42075.59587490152,2022-01-14T11,41833.59686599902,42078.80336389059
324,3344.437388480003,140676665.95668787,42062.87922783429,65297.0,42017.82026717244,2022-01-14T12,41736.01424383674,42248.909234402665
325,2451.5646565700004,103381456.10857348,42169.581712446095,57935.0,42064.705470119305,2022-01-14T13,42034.52157648056,42327.561216327456
326,3770.5800019199996,162291490.6641486,43041.518965652205,77039.0,42168.311901784335,2022-01-14T14,42125.703897208405,43103.588319353024
327,3531.798529100001,152263199.56586635,43112.08533309718,78777.0,42850.39150958978,2022-01-14T15,42797.90627260219,43270.20705946451
328,2821.912086610001,121926369.75740129,43207.0050431206,63822.0,43113.46889317423,2022-01-14T16,42869.02153289363,43236.39963067963
329,1723.1606774500003,73954182.91931118,42917.75217895027,52718.0,43206.54054220033,2022-01-14T17,42870.98073314343,43273.986178900595
330,1585.5945720299997,68274871.16542457,43059.47583940947,50728.0,42916.35013066621,2022-01-14T18,42782.38086905955,43118.08831183599
331,1762.29810101,75941515.75504518,43092.321163781504,56226.0,43060.51969643178,2022-01-14T19,43014.676495001426,43410.85484420918
332,1219.8479889599998,52591653.23862332,43113.2843719824,44722.0,43092.87619366902,2022-01-14T2,43017.356788598896,43198.58287578995
333,1451.0254814300004,62836313.193170086,43304.76204404368,50150.0,43110.748893833945,2022-01-14T21,43105.72002294816,43458.60499259947
334,1203.6243532100002,52076742.90007489,43266.607859162265,42848.0,43305.21392792433,2022-01-14T22,43182.99993629912,43407.51576127593
335,1152.7898344700002,49654024.13622869,43072.9198432404,46274.0,43265.07328877596,2022-01-14T23,43009.52431332982,43299.37039519478
336,1234.67613533,53227082.450284116,43110.15733373494,46370.0,43071.31676765375,2022-01-15,42914.741385619505,43182.14795050691
337,1014.14117946,43586240.82749821,42978.47450658358,39229.0,43108.572440743206,2022-01-15T01,42873.936000479305,43157.71627818398
338,901.3994578399999,38848029.72506697,43097.46293630739,36548.0,42976.14269005699,2022-01-15T02,42917.09411921005,43097.57393065594
339,1082.18195957,46463085.528609075,42934.633235866335,37249.0,43096.70409148959,2022-01-15T03,42912.34358957746,43126.877590777876
340,1600.3250788599994,68684921.91884644,42919.35608968556,45797.0,42936.06426481726,2022-01-15T04,42722.869854309225,42968.37255146092
341,812.4015582999996,34926504.276349016,42991.6756307495,34607.0,42914.566783504866,2022-01-15T05,42829.86125456976,43055.787676624124
342,923.6511372700002,39787100.8487649,43075.89656237753,32322.0,42990.403756124186,2022-01-15T06,42879.688641269604,43105.247655006
343,690.7050201699999,29763280.73449842,43091.16028601171,34061.0,43075.06561483779,2022-01-15T07,42933.68401217627,43097.44067179738
344,905.3761186500003,38921455.89090186,42989.26721077795,32390.0,43091.12756495647,2022-01-15T08,42960.74724979884,43121.82896917086
345,881.3464208099999,37957484.2369528,43067.61035242877,33528.0,42989.7859014945,2022-01-15T09,42890.26473441166,43093.52454939349
346,1309.4742562000004,56449722.32436149,43108.691947999425,40206.0,43070.0371792615,2022-01-15T1,43014.57149037808,43295.9434929335
347,937.2417293699998,40324604.60913589,43024.764418291,32838.0,43110.44211865362,2022-01-15T11,42968.95791865323,43117.01479034055
348,1858.38416741,79388123.0509055,42718.897654809145,53200.0,43023.35727706141,2022-01-15T12,42580.23555702615,43045.53124905554
349,1234.95492417,52998130.47259173,42915.03231035838,45806.0,42718.786668624045,2022-01-15T13,42648.62065852872,42979.3783570431
350,2139.327377750001,92419204.42060485,43200.12232901216,59108.0,42917.63384137895,2022-01-15T14,42753.02644224525,43297.18135876325
351,1592.6922309100003,69137826.21320738,43409.407587619615,51589.0,43196.66435775033,2022-01-15T15,43086.060072817854,43415.862805290126
352,1649.07846033,71478576.86297493,43344.557934903365,51989.0,43409.076706009524,2022-01-15T16,43240.443842297536,43436.61374371112
353,2392.244224630001,103800051.25576138,43390.24008797251,61748.0,43344.623996084214,2022-01-15T17,43257.57321170955,43567.32199754094
354,1417.09347531,61415504.635309316,43339.0638693571,50151.0,43389.410450372496,2022-01-15T18,43250.27497195836,43397.68125445966
355,1187.32311078,51694860.823136196,43538.99991820742,45840.0,43340.88633935006,2022-01-15T19,43325.87257797215,43565.02492120712
356,2422.2561448799993,105352654.31533584,43493.60596649662,66961.0,43538.43525443413,2022-01-15T2,43469.73920875944,43805.88133010288
357,1732.6272530699996,75036897.05973388,43308.15928629649,53232.0,43492.57773300603,2022-01-15T21,43167.19623894879,43530.66866106809
358,1025.7109345000003,44357674.22837149,43245.784690785586,44803.0,43310.063900134555,2022-01-15T22,43130.133513883455,43406.08795149488
359,1306.9223164500006,56311262.72737735,43086.92415654505,44164.0,43248.131643184206,2022-01-15T23,43075.78534485073,43385.79436312537
360,1097.4327764599998,47274578.172185086,43077.42504709872,45105.0,43088.11429029285,2022-01-16,42997.75067195776,43120.4659657623
361,650.27381632,27965629.152141508,43005.928349388756,39344.0,43079.40296572153,2022-01-16T01,42994.15059292979,43160.32796080849
362,1413.2680041,60671371.5330902,42929.8415849491,48435.0,43003.58663198885,2022-01-16T02,42843.64851921843,43092.07500500705
363,772.21019971,33194178.57718151,42985.936458295204,38493.0,42929.732936627246,2022-01-16T03,42868.942568092505,43055.24931266548
364,953.2252992099999,41021546.457789965,43034.470960629355,37767.0,42987.25027770022,2022-01-16T04,42861.63436151412,43092.83902307385
365,607.39003811,26098717.479409713,42968.629450394714,33280.0,43033.64651367634,2022-01-16T05,42964.6148395223,43131.57095857337
366,846.5844006000001,36580227.73158473,43209.19178957138,35574.0,42970.66601827529,2022-01-16T06,42935.561582602924,43233.906774269606
367,843.88169068,36465282.033162974,43211.36770224182,36573.0,43208.57481393826,2022-01-16T07,43127.14098986667,43262.255023736514
368,1622.9037892000065,69907081.86342114,43075.308794417884,51437.0,43208.61322768095,2022-01-16T08,43065.04689389293,43309.05730821485
369,1277.139347410002,55016830.47382442,43078.17356453452,46818.0,43074.55403686573,2022-01-16T09,43032.04720772628,43133.73003936426
370,1426.4019947399995,61201896.57357204,42906.48554843598,40090.0,43079.02925137102,2022-01-16T1,42876.38307235619,43187.98446312578
371,1239.8211080499996,53282428.14132761,42975.90014831304,39672.0,42907.89107194039,2022-01-16T11,42768.36753532073,43045.856656569376
372,897.9038519300001,38622046.985861994,43013.56643347259,37067.0,42977.37438320701,2022-01-16T12,42965.52332428196,43147.57357237955
373,2732.45523354,117871841.75130446,43137.70278995459,56876.0,43013.221399881884,2022-01-16T13,42646.28063481428,43191.727685318125
374,1962.5332242799998,84998247.81854391,43310.475851804986,53427.0,43136.59450124816,2022-01-16T14,43040.610481345786,43428.049623066705
375,1418.7299333400001,61325845.28309011,43225.87678030848,44768.0,43309.09319684131,2022-01-16T15,43145.54774590623,43359.83931875265
376,1192.4841718400005,51743537.73975309,43391.38326667508,46861.0,43229.53239586577,2022-01-16T16,43182.24279758853,43481.265626829634
377,1176.7654805800003,50696685.10201935,43081.383622021385,44142.0,43392.553140192664,2022-01-16T17,43059.129993547074,43439.310604932405
378,975.8173208400003,42031890.732808836,43073.52394260338,37771.0,43081.641333078594,2022-01-16T18,42979.919752279464,43136.11058566483
379,1477.1464034199996,63273195.41210776,42834.74899008855,42534.0,43073.51225663004,2022-01-16T19,42801.727994813074,43087.207508320054
380,1260.0258713500002,54233620.07802264,43041.67185068698,43909.0,42834.33052499076,2022-01-16T2,42759.35074085868,43122.46800808549
381,798.9966428200001,34326478.780138955,42961.98124060467,32817.0,43044.95711748283,2022-01-16T21,42913.245665704126,43104.4005785688
382,870.9792910900002,37626074.10764864,43199.73447423867,34457.0,42960.42918753938,2022-01-16T22,42951.53679925156,43251.9983522538
383,992.36199983,42756885.852286965,43085.97654848894,36073.0,43200.187451061836,2022-01-16T23,43062.6689192648,43277.04962571774
384,1181.8254482899997,50701562.3804315,42901.05823477767,44882.0,43083.23283307832,2022-01-17,42883.606638321115,43184.84490238961
385,1321.0583117699996,56678040.082428776,42903.511205716255,40228.0,42901.74236769402,2022-01-17T01,42819.330493842775,42954.677747746806
386,934.4472194800001,40115644.90681399,42929.813552377505,34940.0,42905.434756324496,2022-01-17T02,42792.10008989358,42987.13089012477
387,1485.8694512099996,63376175.887230344,42652.586898277455,48355.0,42928.41068538267,2022-01-17T03,42630.89692554573,42991.34532870445
388,1492.5543309399955,63621021.81047131,42625.59860745802,45733.0,42659.438495684226,2022-01-17T04,42618.45080626253,42811.00176878203
389,2161.4961406400007,92227176.20666386,42668.212296394006,50678.0,42626.120814161215,2022-01-17T05,42351.02135079535,42700.44143344314
390,1044.61568941,44668222.69706946,42760.43634984855,34492.0,42668.935662807424,2022-01-17T06,42653.43004020869,42870.677889758415
391,1134.8000935799998,48412372.41882197,42661.58655846908,37222.0,42757.31376906256,2022-01-17T07,42646.11860280739,42973.07306196871
392,1322.6179214500003,56605601.1102882,42798.150692099254,40111.0,42662.08036935779,2022-01-17T08,42572.883845852826,42872.55743803822
393,1424.3889606299988,61031111.42586643,42847.22299369179,44015.0,42796.33782352281,2022-01-17T09,42734.077502964705,42906.18437759261
394,1166.9039178499988,49942855.55970689,42799.458289355796,41516.0,42850.570807050965,2022-01-17T1,42626.51346003868,42904.38001275528
395,1161.2379195100002,49557952.48243751,42676.82931276404,35075.0,42799.994113411645,2022-01-17T11,42650.81424250509,42846.629108756824
396,1908.8088211400002,81231807.56036317,42556.28256781054,51790.0,42677.996440237286,2022-01-17T12,42435.19041876028,42797.02557853898
397,1401.4928314199994,59778477.48587812,42653.4307887328,45561.0,42553.15891196742,2022-01-17T13,42504.78079332172,42692.40143858701
398,1100.8399588200002,46970526.61875819,42667.89758350187,40611.0,42652.97542871527,2022-01-17T14,42563.084759354075,42745.76030816649
399,1936.0121183500005,82246008.72643737,42482.17660772338,53912.0,42668.371986650294,2022-01-17T15,42389.92884185513,42692.75904153735
400,2954.0361013099982,124732365.10241283,42224.387524275335,70502.0,42481.25551108831,2022-01-17T16,42133.36387093518,42540.53808968863
401,3274.0307713199995,137881838.78963482,42113.78829956587,77857.0,42222.487314990736,2022-01-17T17,41960.72852722038,42253.14179219039
402,3308.944649310001,139573499.46239865,42180.669142200146,72529.0,42115.704867582346,2022-01-17T18,41832.50603071325,42271.06756235703
403,1444.53335076,61032109.690157056,42250.398482005796,47661.0,42182.88280202501,2022-01-17T19,42110.35008539238,42326.91159884689
404,1230.2260338999995,51782303.00242858,42091.69825342663,44685.0,42249.14115435909,2022-01-17T2,42019.34027873132,42316.74161280876
405,2436.5031385,101681979.75356491,41732.75139557753,65264.0,42091.59031485012,2022-01-17T21,41616.667360659776,42151.86277984891
406,2921.2181940100013,122950272.18055929,42088.69862329029,70614.0,41733.61395791686,2022-01-17T22,41531.41680524523,42373.46901205363
407,1267.1290028,53485643.863808244,42210.10153316668,41298.0,42086.3377214836,2022-01-17T23,42059.345105717555,42289.960271931806
408,1606.7508612799998,68081197.11801754,42371.96864719987,47537.0,42207.00964610277,2022-01-18,42136.16550705149,42423.24573720694
409,1400.2358117400004,59181897.15282576,42265.66458065623,40105.0,42368.12608947277,2022-01-18T01,42172.431685018375,42440.35337823069
410,1437.3707485699983,60768519.09079166,42277.55375657159,45043.0,42266.055691487265,2022-01-18T02,42147.995191648835,42308.05318369595
411,1572.1819507499988,66103118.59637318,42045.46335418692,48332.0,42281.289833525574,2022-01-18T03,41978.674470911166,42307.83586207649
412,1949.299632379999,81952990.11434804,42042.27444207101,48872.0,42044.984331642285,2022-01-18T04,41894.15591781271,42107.06508130455
413,1249.6674065700001,52615839.63700642,42103.87448723073,38897.0,42040.40413464955,2022-01-18T05,41986.018000141565,42194.85644797047
414,1078.2932265100003,45549017.70044694,42241.77299886295,36622.0,42108.921800335156,2022-01-18T06,42108.9217384531,42346.03111597903
415,1696.057563349998,71347204.32876033,42066.49931611852,45094.0,42241.28358134427,2022-01-18T07,41956.446813956936,42278.75317603945
416,2730.363883169998,113910522.80500786,41719.9053602906,66290.0,42067.37853992592,2022-01-18T08,41641.817727038215,42068.21135521137
417,2383.050481979999,99871673.4423194,41909.17238116554,55498.0,41721.01288727537,2022-01-18T09,41518.07398007928,41995.44598221205
418,1154.3646186599997,48405555.946846336,41932.63996867479,36037.0,41910.21849990844,2022-01-18T1,41837.60246335012,42057.42320873037
419,1485.78581866,62197225.60314583,41861.50171983755,42850.0,41930.0709182606,2022-01-18T11,41699.629578749926,41935.59245568999
420,1421.29489434,59424850.391203694,41810.35943198722,42153.0,41862.08491746843,2022-01-18T12,41632.98463955898,41956.68296912966
421,2344.34043319,97659743.89635785,41657.66307390344,53440.0,41811.68891022679,2022-01-18T13,41425.92201193963,41845.73505647882
422,3804.5443799299987,157706514.43188918,41452.14214449271,65606.0,41660.35301851243,2022-01-18T14,41251.444129962205,41702.77434983058
423,3727.9857544999995,155064180.50756595,41594.62796240306,67010.0,41454.00499503084,2022-01-18T15,41330.913206927995,41849.36077964982
424,2336.4790106199994,97467159.77369122,41715.40139272541,54406.0,41592.11793448058,2022-01-18T16,41388.04846435267,41797.18513667784
425,2088.5380753399995,86668452.44888256,41497.185745475836,47046.0,41714.89381854764,2022-01-18T17,41478.38263470595,41743.775568397585
426,1950.2019450799992,81162204.81677994,41617.33353898926,49109.0,41495.33635828595,2022-01-18T18,41390.40644133618,41675.89203546046
427,1691.7848418799997,70559588.75342648,41707.18817590125,42257.0,41620.46934654018,2022-01-18T19,41599.19277974142,41782.37385329038
428,1473.14087259,61560855.20305906,41788.844738810316,41414.0,41706.21379418612,2022-01-18T2,41507.22238939831,41789.53412675905
429,3109.11996078,131776562.20751958,42383.87835458756,62996.0,41790.49698744414,2022-01-18T21,41723.0472864079,42491.26799131002
430,1805.14140304,76696763.35487765,42487.95314633761,51250.0,42381.427761963314,2022-01-18T22,42237.799162839096,42690.54512442921
431,1506.3974023000005,63813654.27421779,42361.76600994247,39031.0,42489.07097812627,2022-01-18T23,42328.7014858616,42574.76627017192
432,1485.3598056000005,62764462.59563107,42255.39317746505,44388.0,42360.487234136,2022-01-19,42171.98753694037,42488.22962100109
433,1413.1701326500004,59961653.3882367,42430.597705738095,43576.0,42259.1004711059,2022-01-19T01,42252.32671368869,42467.072772659965
434,1068.3154460000003,45231212.74066617,42338.81753748056,37791.0,42429.22528783816,2022-01-19T02,42296.86141896795,42510.3487377338
435,2577.7404495700016,107625659.7527215,41751.93812498647,55416.0,42343.98767992297,2022-01-19T03,41602.22174318625,42346.11155257208
436,1797.0756524399999,74968359.32480901,41716.86329566586,44521.0,41716.25749579786,2022-01-19T04,41594.33003850745,41813.1554693058
437,1265.39015851,52853235.73635455,41768.33159394046,34594.0,41715.155783043876,2022-01-19T05,41657.580691079784,41813.577920503674
438,1043.9976255700003,43552030.44988026,41716.5991408283,33330.0,41772.60796121179,2022-01-19T06,41683.519172477565,41854.69090263004
439,2897.1469603499986,119591858.85807857,41279.18275972818,60866.0,41721.90864578906,2022-01-19T07,41168.39918832957,41721.91966338878
440,2446.4611085100014,101212322.40347023,41370.91002648835,57229.0,41282.53193162593,2022-01-19T08,41137.76710950304,41404.664079682865
441,1945.29764884,80892346.78687872,41583.5318749887,46306.0,41373.06873018688,2022-01-19T09,41332.21927863767,41679.15741021762
442,1998.9192279099998,82971048.72498754,41507.95468196039,42048.0,41584.25803690793,2022-01-19T1,41302.05871629847,41624.03731167769
443,3632.39962633,152741853.98286113,42049.84850116397,62550.0,41511.74371111124,2022-01-19T11,41504.41819937496,42170.60150786809
444,2231.91660814,93974258.42808527,42104.73549296274,57294.0,42042.21978944805,2022-01-19T12,41894.01518738689,42277.49940895765
445,2939.8698197199997,124074280.59037833,42204.00500665552,62927.0,42107.5496907412,2022-01-19T13,42025.96520534274,42343.351921119465
446,3263.032498180001,138562751.44340107,42464.41048953275,60857.0,42202.74165232623,2022-01-19T14,42067.40848845246,42571.69991563322
447,3212.473820960002,134895724.95127967,41991.22933582943,65435.0,42484.89991260721,2022-01-19T15,41837.173687546245,42529.65398712014
448,2387.5061582899993,100088366.4752882,41921.72075776942,56945.0,41990.92249164896,2022-01-19T16,41700.826952762625,42044.72323943063
449,2355.1940224900018,99303687.521236,42163.69716166667,56895.0,41927.72861562671,2022-01-19T17,41909.15384784399,42324.62998871115
450,1982.42201701,83266331.99684368,42002.32406742063,53244.0,42166.54446998964,2022-01-19T18,41874.84046989865,42252.40829666804
451,2102.4831567499996,88051592.80354778,41879.80889209937,53025.0,42003.637859274415,2022-01-19T19,41737.01256056704,42045.9879707662
452,1923.92189169,80095075.64850374,41631.14729057275,53022.0,41878.183762775305,2022-01-19T2,41553.7379223005,41968.52145478312
453,1248.70499933,52093862.51757625,41718.31020579522,39451.0,41634.51679600195,2022-01-19T21,41629.60740813922,41806.45174315349
454,1322.2689093000004,55511467.235654935,41981.98025017642,41104.0,41716.774626462444,2022-01-19T22,41644.95571369226,42001.511345058374
455,1127.6199962099997,46984931.440881774,41667.34502651693,42184.0,41980.6442092535,2022-01-19T23,41641.09450480474,41992.91222700024
456,1204.65973645,50397780.662193395,41835.69778027953,42571.0,41665.43033285111,2022-01-2,41648.39287549025,41867.93338873995
457,1406.2190549199988,58743754.37837264,41774.25570564085,44450.0,41836.86750162777,2022-01-20T01,41653.93177636347,41885.38159848683
458,1498.0297381300004,62902747.34297575,41990.31951227993,45493.0,41775.272553490555,2022-01-20T02,41771.430545754134,42071.84517034179
459,1094.4878592799996,45890905.59887171,41929.11342941774,37775.0,41988.15350040682,2022-01-20T03,41885.529480566234,42084.460437710295
460,1087.11899179,45540354.467566825,41890.86458013411,35139.0,41928.795886841785,2022-01-20T04,41867.35894816998,41992.88202240675
461,1205.3880376399989,50486537.42102499,41884.053802185896,41261.0,41889.36458769043,2022-01-20T05,41772.07403345328,41952.975553177836
462,1547.0553014800007,64997016.614787035,42013.37634964129,36851.0,41884.20982589472,2022-01-20T06,41875.684950910174,42056.197192706226
463,938.2490811199999,39463235.50023893,42060.510683507586,33148.0,42014.51142356776,2022-01-20T07,41935.517832092184,42150.90783808967
464,816.94809865,34286777.41498531,41969.34599841033,32097.0,42060.65030194888,2022-01-20T08,41876.78385668906,42086.96900945407
465,1140.7183404000004,47977114.37825126,42058.68589912193,34632.0,41971.387109949195,2022-01-20T09,41811.584685934744,42090.80936228514
466,1125.4735624899997,47393120.70368143,42109.49264665871,34288.0,42057.85247218977,2022-01-20T1,42008.9528574004,42154.32312622947
467,1135.7465755,47854008.59994674,42134.40712236313,37509.0,42109.488732064405,2022-01-20T11,42051.8230257486,42235.59680223722
468,1581.8281615399997,66498193.51797198,42038.82263243575,44143.0,42134.32434920733,2022-01-20T12,41910.535768794005,42136.69384609892
469,2440.4329238700006,103439088.94940193,42385.54886621093,50305.0,42041.12700135902,2022-01-20T13,41974.68344850376,42474.460362444166
470,3882.4066438799996,166902934.3247731,42989.55509667417,68583.0,42386.91681345155,2022-01-20T14,42378.45634817841,43065.12507330794
471,4101.72784142,177648028.53097674,43310.53531564293,69769.0,43044.142854239784,2022-01-20T15,43029.5405164982,43431.19533183216
472,2284.04120601,98851186.06006497,43279.07298693112,55055.0,43313.4281187708,2022-01-20T16,43155.76388501895,43470.12847138943
473,2052.4296038300004,88311338.25508937,43027.70632926618,56623.0,43279.86666401087,2022-01-20T17,42986.97351782687,43311.099577108194
474,2203.1386649,94465141.3480738,42877.52870623853,50974.0,43030.66645729204,2022-01-20T18,42861.22448966072,43093.72249882072
475,1722.8933833800022,73949622.74807234,42921.76373850638,40883.0,42921.64423671535,2022-01-20T19,42876.48040790472,43228.75923085656
476,3181.3763477599996,135922633.52613154,42724.474777036165,59914.0,42920.98700932798,2022-01-20T2,42569.17426755379,42996.234111061036
477,4451.58757806,184434899.87701526,41431.26393514466,72711.0,42724.35129773921,2022-01-20T21,41398.62430149275,42732.608332971824
478,4549.493047940003,187295736.5434449,41168.48505313177,92668.0,41320.25157276075,2022-01-20T22,40827.538047908216,41540.37152450544
479,5361.896612420002,218125752.7244432,40680.70843051854,91305.0,41167.508566842036,2022-01-20T23,40566.205787578736,41177.541324825106
480,4410.749264430002,180427815.75116947,40906.386859531915,84386.0,40679.94730567188,2022-01-21,40488.21529770775,41112.041148096134
481,4717.988542970002,187629830.7622458,39769.030605600354,90009.0,40904.41277583878,2022-01-21T01,39741.74682132525,40938.61186243163
482,5629.352158420001,224271991.17086,39839.751513042094,109138.0,39817.552640668626,2022-01-21T02,39419.50313074747,40243.73195336431
483,8407.300816079993,323424419.2189557,38469.471509853305,130557.0,39841.478708215196,2022-01-21T03,38238.936876452666,39946.13114464867
484,5102.1546875600025,198205781.33512938,38847.466114344155,113875.0,38465.43666459431,2022-01-21T04,38439.05696876103,39074.92579516047
485,4181.535695289999,162726303.19141752,38915.440414560915,93369.0,38848.06319488808,2022-01-21T05,38706.67132810111,39002.747360918496
486,3498.2717404999994,135332783.45153967,38685.612065172754,81760.0,38916.521939275546,2022-01-21T06,38544.97649243193,38943.000088668836
487,3249.4015735799994,127179302.21559946,39139.299755887296,73445.0,38686.00716208989,2022-01-21T07,38503.68732422971,39180.067726891764
488,2855.7610862799975,111839824.31168053,39162.87845261122,76784.0,39139.73557252644,2022-01-21T08,39011.22465643743,39297.96483659101
489,2564.797184169998,99943028.03492133,38967.22464129818,62332.0,39164.381512559405,2022-01-21T09,38926.57466008991,39192.56404432745
490,2578.9911138800003,100509442.1940951,38972.38794393604,59922.0,38965.68604371274,2022-01-21T1,38858.38965687394,39235.456514076024
491,2689.1932187799994,104611351.80715431,38900.64539676815,67929.0,38972.71769982105,2022-01-21T11,38673.54051182901,38982.91263523782
492,5427.207365719993,207220967.74086824,38181.87767243671,94124.0,38903.93984120294,2022-01-21T12,37848.20624109472,38935.93951158728
493,4979.185740039998,191667811.6897133,38493.80635641314,101356.0,38209.401799764135,2022-01-21T13,38159.81631835253,38747.507226664435
494,4623.261772150001,177580100.79279554,38410.13326619698,96183.0,38490.742606995635,2022-01-21T14,38255.193964009864,38896.67716124879
495,4456.3937923700005,173190850.81577516,38863.45302614488,83903.0,38405.38595835833,2022-01-21T15,38099.64251957429,39027.71910352163
496,3804.17719083,147195016.2145065,38692.99689018726,79866.0,38861.34601042857,2022-01-21T16,38515.77038031968,39058.30420655593
497,3839.9062840999995,147395107.0226383,38385.0792486684,84971.0,38706.17312999388,2022-01-21T17,38278.68322296471,38747.330666234215
498,3578.0226488400012,136952549.93491802,38276.04332781912,81444.0,38384.00573676136,2022-01-21T18,37913.70639254782,38639.313443575455
499,2695.4774006400003,102430683.08663987,38000.9430100654,79532.0,38270.7367695788,2022-01-21T19,37970.36402107329,38506.12909971187
500,5083.8229125100015,195174546.5574981,38391.295274511416,86789.0,38014.69791878653,2022-01-21T2,37630.206164256044,38452.240979328155
501,5554.034489790002,203155176.1551501,36577.9464511088,89226.0,38358.514373236576,2022-01-21T21,36248.02943295476,38451.5411644257
502,6616.922332410002,238962351.21137398,36113.82138202302,118739.0,36767.59131539402,2022-01-21T22,35660.74396123886,37088.29294557674
503,5151.933961470001,187768114.42983466,36446.14155268768,106531.0,36268.18069526822,2022-01-21T23,36053.110103667634,36819.14501374948
504,3725.135396460001,135951503.81502622,36495.72145598279,92230.0,36438.97948064517,2022-01-22,36146.81610631981,36781.788722060366
505,4665.792306190002,170262775.64133552,36491.717690787846,92370.0,36496.68503948778,2022-01-22T01,36179.44108363526,36616.75379468776
506,3304.410427710001,120544513.06414327,36479.88520229982,86895.0,36491.92987014146,2022-01-22T02,36270.35060882187,36558.82938490253
507,5434.280375920005,197514116.85149556,36345.956260686515,98599.0,36477.74876732012,2022-01-22T03,36101.4111158104,36695.17448041424
508,3319.3170553600003,120448169.48180851,36287.03358942768,72637.0,36344.53321448855,2022-01-22T04,36202.883050436765,36429.82050642028
509,3768.912013380001,134707284.89559087,35741.690020188056,72355.0,36286.80753025927,2022-01-22T05,35673.340308946725,36348.44499138729
510,4140.000774889999,147775778.93619716,35694.62591226776,80673.0,35743.75813203073,2022-01-22T06,35426.878619960175,35946.69653639129
511,3559.5997896800022,126255569.50950389,35469.03499532286,76174.0,35714.36568712614,2022-01-22T07,35204.44378529839,35869.03635514024
512,3906.8630909500007,139105810.4972958,35605.49915852581,83534.0,35499.962883139786,2022-01-22T08,35470.355780774094,35823.90495024358
513,4966.383142630005,173164718.43871167,34867.36996836098,83816.0,35608.386783031376,2022-01-22T09,34745.08655548782,35740.954659356445
514,6513.157686649998,231167912.19194627,35492.44825835716,86318.0,34874.399835033604,2022-01-22T1,34000.28294901618,35807.458564516724
515,4335.023033490003,153522272.1744136,35414.40748720017,82066.0,35490.9091901917,2022-01-22T11,34822.32368913794,35550.295944127094
516,4302.008482910003,153918449.92380404,35778.27671313404,87660.0,35412.13483053494,2022-01-22T12,35345.09784473604,35896.32355633784
517,3967.5584670700014,141195777.06911212,35587.57312362524,72785.0,35776.00181966247,2022-01-22T13,35545.56702614659,36099.96677195491
518,4063.9588699799983,142724013.78815186,35119.45331003173,80225.0,35589.5284695651,2022-01-22T14,35110.15840377513,35663.9399744223
519,4680.970805299999,163144367.05113733,34852.67775360149,87769.0,35080.92421681894,2022-01-22T15,34820.86362716179,35315.93984755226
520,4880.2668079500045,171344797.57061285,35109.71926606357,87953.0,34855.66888553901,2022-01-22T16,34656.65136579412,35500.35145395694
521,3637.5408569700007,125913493.59613879,34615.00462733558,80712.0,35103.96076644503,2022-01-22T17,34502.022547926135,35195.97040622785
522,3792.997328179999,130496067.91837169,34404.471352735665,81793.0,34613.921885204356,2022-01-22T18,34293.99645988806,34783.878840048215
523,2941.2072154,101591196.2643481,34540.64566835759,74567.0,34413.006390974275,2022-01-22T19,34364.569622203264,34860.97905643268
524,4277.526143600005,151314072.52984294,35374.20168810369,82897.0,34544.08094774344,2022-01-22T2,34442.197049321585,35464.32090037405
525,3269.7729142700023,116085666.71887052,35502.66937873494,85382.0,35286.068597817175,2022-01-22T21,35096.88786996612,35698.72861455223
526,2394.2354439299993,83523667.52925837,34885.319128080024,79727.0,35325.29920989637,2022-01-22T22,34736.45657191088,35387.98718554093
527,2018.9372256,70812608.9344943,35074.200443973576,62947.0,34882.559210511994,2022-01-22T23,34693.64071018243,35116.755707170974
528,2456.19763093,86948693.10145235,35399.71377161968,70123.0,35077.33721114491,2022-01-23,34949.81819295237,35474.38913363187
529,2274.2471782199987,80341817.54275668,35326.774640933436,70983.0,35394.02735014836,2022-01-23T01,35278.17976721642,35534.9021727403
530,2510.4267389400006,87576387.4692214,34885.06002218553,70730.0,35327.08268007089,2022-01-23T02,34847.54579025797,35362.14519619325
531,1793.7387492100002,62890021.693693295,35060.85918107716,57457.0,34887.214696477204,2022-01-23T03,34813.711174960416,35108.37953353751
532,2237.31007465,78825444.691993,35232.23963684349,56965.0,35060.370458793615,2022-01-23T04,34963.751067273944,35303.51188659749
533,3095.9846934899983,109925852.86462343,35505.94196921166,65483.0,35228.997086787414,2022-01-23T05,34950.153947923114,35568.21004708613
534,2242.62782786,79133753.84525768,35286.17315017004,59647.0,35446.14053097023,2022-01-23T06,35166.44011051304,35523.40949755081
535,2992.8790285699997,106491847.54995263,35581.741371228934,70852.0,35286.91138769883,2022-01-23T07,35231.347801204436,35765.474514606525
536,3445.971474590001,123564229.26281705,35857.5891222427,70481.0,35585.435221505984,2022-01-23T08,35433.01143414497,35933.82782739982
537,3465.799459260006,124383155.00471853,35888.73403289063,73493.0,35855.639655127336,2022-01-23T09,35752.20149514419,36153.95298530141
538,2938.932686570001,105542978.3481161,35912.00942791727,66154.0,35886.02604295987,2022-01-23T1,35613.99565458552,35951.07588815435
539,1599.2157852400003,57081812.203029595,35693.627295245285,53534.0,35911.56014105799,2022-01-23T11,35617.52942892352,35915.883107993104
540,2026.5003614599993,72574026.87906706,35812.49145535846,49984.0,35695.60962469949,2022-01-23T12,35570.25930286692,35841.172350696725
541,1979.4308525900008,71225023.99736646,35982.57746875651,55382.0,35812.59906363429,2022-01-23T13,35714.295276723686,36063.17181699626
542,4234.136252639999,149720557.99464348,35360.3542874399,72854.0,35989.87394740713,2022-01-23T14,35119.32039639886,36091.79743189987
543,2174.60211037,76762410.37380101,35299.519855952036,60564.0,35319.060360472846,2022-01-23T15,35122.085599270446,35380.10401047715
544,1832.65371838,64572725.65107673,35234.548132833675,56918.0,35294.40476024189,2022-01-23T16,35168.253983666356,35454.37294415192
545,1558.53810639,55095704.63522067,35350.887096907354,49118.0,35238.6970031828,2022-01-23T17,35201.4684043617,35461.45095406095
546,2872.1652060500014,100442485.62204216,34970.998677397656,67415.0,35346.61991750402,2022-01-23T18,34891.24207753019,35412.02624823444
547,3600.1100060299996,125248915.15053329,34790.30222430642,76284.0,34970.08356051427,2022-01-23T19,34617.89472689406,35218.00978205327
548,2255.536119570001,79637052.90654244,35307.3720325634,63671.0,34788.06152946255,2022-01-23T2,34720.20063484982,35375.59095737542
549,2343.3871528199993,82855036.215974,35356.95589875852,61941.0,35307.783931356396,2022-01-23T21,35096.91620507166,35575.88639210104
550,1860.27776797,66092783.848248444,35528.44902316453,51806.0,35360.00574806895,2022-01-23T22,35289.479667725325,35562.14271567931
551,5447.9368133200005,197562247.00289303,36263.681788647176,93891.0,35523.6589064732,2022-01-23T23,35400.32802310418,36517.559712090406
552,24.049226889999996,862491.8534922039,35863.6,296.0,35980.0,2022-01-24,35805.2,36015.5
553,28.966670209999997,1032627.032982248,35648.8,366.0,35862.8,2022-01-24T01,35631.7,36032.0
554,31.245548790000004,1100927.5757181882,35234.70120872177,478.0,35703.6,2022-01-24T02,35190.68941248941,35711.1
555,19.759248600000003,699117.7821154802,35381.8,441.0,35216.971185594084,2022-01-24T03,35190.61835356236,35410.58609981717
556,149.04861876000004,5235730.826756143,35127.670892319926,4158.0,35371.18508893595,2022-01-24T04,35065.318680082186,35482.08892712815
557,2364.9760007100012,83218319.06765014,35187.80699790051,53509.0,35129.17679723195,2022-01-24T05,34940.67389171729,35259.214632501025
558,1331.3797493299999,46956201.29332059,35268.8264313399,41986.0,35186.205299991125,2022-01-24T06,35065.92550376335,35363.65712104535
559,2784.413370219999,97151676.15421769,34891.25472290835,58532.0,35273.57418334685,2022-01-24T07,34819.54885529349,35322.64568915018
560,3106.3385182899997,108630597.17961378,34970.62427034307,55415.0,34891.71653074998,2022-01-24T08,34827.660014893336,35572.15044778691
561,5162.252812280004,178217686.4586812,34523.23877566315,77174.0,34968.87811379786,2022-01-24T09,34417.01896000644,35096.82469355569
562,6911.388481220005,230219847.49217993,33310.216625464716,96223.0,34514.2431110271,2022-01-24T1,33271.380785542395,34597.52431395688
563,6302.496590179999,212402618.3795978,33701.34602064602,81390.0,33312.42669276461,2022-01-24T11,33034.64076609035,34196.82091222936
564,4534.106745360006,150116044.8171217,33108.18497397387,83415.0,33699.8308058533,2022-01-24T12,33057.805404894876,33876.82213136588
565,5991.006546550002,199783648.60079798,33347.25927078914,95181.0,33131.484489618466,2022-01-24T13,32943.48701392472,33828.656366150055
566,5409.37422714,181932238.36131617,33632.76984027521,83642.0,33356.75678736933,2022-01-24T14,33083.10596449509,34157.804443275236
567,5122.89820039,175453080.96780634,34248.793183992864,71454.0,33628.60244835199,2022-01-24T15,33253.51245092748,34412.101939110486
568,6404.28275344,220593162.15338558,34444.63191992827,87781.0,34250.44411933755,2022-01-24T16,33810.20048368862,34596.18048599418
569,6504.333873900002,230287144.61442137,35405.18507798264,88983.0,34480.954524232555,2022-01-24T17,34180.119277908416,35552.69267289879
570,5275.7431874,190974556.79445565,36198.60747781622,76274.0,35399.49871536628,2022-01-24T18,35184.71881791672,36440.20351244479
571,5069.2394235,182890843.00247014,36078.55690434033,106702.0,36195.366678234794,2022-01-24T19,35663.48059758371,36350.32334474674
572,7967.230944710005,296597939.59135056,37227.230094074584,132623.0,36075.31941581659,2022-01-24T2,35965.64935626054,37568.204571921546
573,4118.558287170003,151645443.12838104,36820.03083476612,94479.0,37227.570966549894,2022-01-24T21,36735.8250384049,37234.48434911276
574,3296.790140950002,119938840.26596008,36380.48985168299,93673.0,36820.75469892044,2022-01-24T22,36233.31394417264,36847.49466265871
575,2676.822011550001,98189503.21057016,36681.37171126816,73874.0,36380.79759149605,2022-01-24T23,36364.61965402049,36778.709601938506
576,75.6044544300001,2769120.554870129,36626.42070162645,1728.0,36668.24369897218,2022-01-25,36617.64188497086,36697.65015829099
